{
    "accuracy": 0.9465838509316771,
    "precision": 0.8210526315789474,
    "recall": 0.75,
    "auc": 0.9389745418632722
}
